<?xml version="1.0" encoding="UTF-8"?>
<product>
  <specification>
    <title>PDS3-Data-Set</title>
    <query>
      <registryPath>objectType</registryPath>
      <value>Product_Data_Set_PDS3</value>
    </query>
    <query>
      <registryPath>status</registryPath>
      <value>Approved</value>
    </query>
    <checkAssociations>true</checkAssociations>
  </specification>

  <indexFields>
    <!-- Identifier Fields -->
    <field name="search_id" type="required">
      <outputString format="text">pds3:{lid}</outputString>
    </field>
    <field name="identifier" type="required">
      <registryPath>lid</registryPath>
    </field>
    <field name="version_id" type="string">
      <registryPath>version_id</registryPath>
    </field>
    <!-- Search UI Fields -->
    <field name="title" type="required">
      <registryPath>name</registryPath>
    </field>
    <field name="description" type="required">
      <registryPath>data_set_terse_description</registryPath>
    </field>
    <field name="resLocation" type="required">
      <outputString format="url">/ds-view/pds/viewDataset.jsp?dsid={data_set_id}</outputString>
    </field>
    <field name="data_product_type" type="required">
      <outputString format="text">Data_Set</outputString>
    </field>
    <field name="data_class" type="string">
      <registryPath>data_class</registryPath>
    </field>
    <field name="objectType" type="string">
      <registryPath>objectType</registryPath>
    </field>
    <field name="data_object_type" type="string">
      <registryPath>objectType</registryPath>
    </field>
    <field name="pds_model_version" type="string">
      <outputString format="text">pds3</outputString>
    </field>
    <field name="agency_name" type="string" default="Unknown">
      <registryPath>node_ref.agency_ref.alternate_id</registryPath>
    </field>
    <!-- Identification_Area Fields -->
    <field name="product_class" type="string">
      <registryPath>product_class</registryPath>
    </field>
    <field name="alternate_id" type="string">
      <registryPath>alternate_id</registryPath>
    </field>
    <field name="alternate_title" type="string">
      <registryPath>alternate_title</registryPath>
    </field>
    <field name="citation_keyword" type="string">
      <registryPath>citation_keyword</registryPath>
    </field>
    <field name="modification_date" type="date">
      <registryPath>modification_date</registryPath>
    </field>
    <field name="modification_description" type="string">
      <registryPath>modification_description</registryPath>
    </field>
    <!-- Reference_List Fields -->
    <field name="investigation_name" type="string">
      <registryPath>investigation_ref.mission_name</registryPath>
    </field>
    <field name="investigation_start_date" type="date">
      <registryPath>investigation_ref.mission_start_date</registryPath>
    </field>
    <field name="investigation_stop_date" type="date">
      <registryPath>investigation_ref.mission_stop_date</registryPath>
    </field>
    <field name="instrument_host_id" type="string">
      <registryPath>instrument_host_ref.instrument_host_id</registryPath>
    </field>
    <field name="instrument_host_name" type="string">
      <registryPath>instrument_host_ref.instrument_host_name</registryPath>
    </field>
    <field name="instrument_id" type="string">
      <registryPath>instrument_ref.instrument_id</registryPath>
    </field>
    <field name="instrument_name" type="string">
      <registryPath>instrument_ref.instrument_name</registryPath>
    </field>
    <field name="instrument_type" type="string">
      <registryPath>instrument_ref.instrument_type</registryPath>
    </field>
    <field name="target_name" type="string">
      <registryPath>target_ref.target_name</registryPath>
    </field>
    <field name="target_type" type="string">
      <registryPath>target_ref.target_type</registryPath>
    </field>
    <field name="resource_ref" type="string">
      <registryPath>resource_ref</registryPath>
    </field>
    <field name="node_id" type="string">
      <registryPath>node_ref.node_name</registryPath>
    </field>
    <field name="external_reference_text" type="string">
      <registryPath>external_reference_text</registryPath>
    </field>
    <!-- Data_Set_PDS3 Fields -->
    <field name="data_set_id" type="string">
      <registryPath>data_set_id</registryPath>
    </field>
    <field name="data_set_name" type="string">
      <registryPath>data_set_name</registryPath>
    </field>
    <field name="data_set_release_date" type="date">
      <registryPath>data_set_release_date</registryPath>
    </field>
    <field name="start_time" type="date">
      <registryPath>data_set_start_date_time</registryPath>
    </field>
    <field name="stop_time" type="date">
      <registryPath>data_set_stop_date_time</registryPath>
    </field>
    <field name="full_name" type="string">
      <registryPath>data_set_producer_full_name</registryPath>
    </field>
    <field name="citation_description" type="string">
      <registryPath>data_set_citation_text</registryPath>
    </field>
    <field name="data_set_terse_description" type="string">
      <registryPath>data_set_terse_description</registryPath>
    </field>
    <field name="abstract_text" type="string">
      <registryPath>data_set_abstract_description</registryPath>
    </field>
    <field name="data_set_description" type="string">
      <registryPath>data_set_description</registryPath>
    </field>
    <field name="confidence_level_note" type="string">
      <registryPath>data_set_confidence_level_note</registryPath>
    </field>
    <field name="archive_status" type="string">
      <registryPath>data_set_archive_status</registryPath>
    </field>
    <field name="nssdc_data_set_id" type="string">
      <registryPath>data_set_nssdc_collection_id</registryPath>
    </field>
  </indexFields>
</product>
