<?xml version="1.0" encoding="UTF-8"?>
<product>
  <specification>
    <title>PDS3-Instrument-Host</title>
    <query>
      <registryPath>objectType</registryPath>
      <value>Product_Instrument_Host_PDS3</value>
    </query>
    <query>
      <registryPath>status</registryPath>
      <value>Approved</value>
    </query>
    <checkAssociations>true</checkAssociations>
  </specification>

  <indexFields>
    <!-- Identifier Fields -->
    <field name="search_id" type="required">
      <outputString format="text">pds3:{lid}</outputString>
    </field>
    <field name="identifier" type="required">
      <registryPath>lid</registryPath>
    </field>
    <field name="version_id" type="string">
      <registryPath>version_id</registryPath>
    </field>
    <!-- Search UI Fields -->
    <field name="title" type="required">
      <registryPath>name</registryPath>
    </field>
    <field name="description" type="required">
      <registryPath>instrument_host_description</registryPath>
    </field>
    <field name="resLocation" type="required">
      <outputString format="url">/ds-view/pds/viewHostProfile.jsp?INSTRUMENT_HOST_ID={instrument_host_id}</outputString>
    </field>
    <field name="data_product_type" type="required">
      <outputString format="text">Instrument_Host</outputString>
    </field>
    <field name="data_class" type="string">
      <registryPath>data_class</registryPath>
    </field>
    <field name="objectType" type="string">
      <registryPath>objectType</registryPath>
    </field>
    <field name="data_object_type" type="string">
      <registryPath>objectType</registryPath>
    </field>
    <field name="pds_model_version" type="string">
      <outputString format="text">pds3</outputString>
    </field>
    <field name="agency_name" type="string" default="nasa">
      <registryPath>node_ref.agency_ref.alternate_id</registryPath>
    </field>
    <!-- Identification_Area Fields -->
    <field name="product_class" type="string">
      <registryPath>product_class</registryPath>
    </field>
    <field name="alternate_id" type="string">
      <registryPath>alternate_id</registryPath>
    </field>
    <field name="alternate_title" type="string">
      <registryPath>alternate_title</registryPath>
    </field>
    <field name="citation_keyword" type="string">
      <registryPath>citation_keyword</registryPath>
    </field>
    <field name="modification_date" type="date">
      <registryPath>modification_date</registryPath>
    </field>
    <field name="modification_description" type="string">
      <registryPath>modification_description</registryPath>
    </field>
    <!-- Reference_List Fields -->
    <field name="external_reference_text" type="string">
      <registryPath>external_reference_text</registryPath>
    </field>
    <!-- Instrument_Host_PDS3 Fields -->
    <field name="instrument_host_name" type="string">
      <registryPath>instrument_host_name</registryPath>
    </field>
    <field name="instrument_host_description" type="string">
      <registryPath>instrument_host_description</registryPath>
    </field>
    <field name="instrument_host_id" type="string">
      <registryPath>instrument_host_id</registryPath>
    </field>
    <field name="instrument_host_type" type="string">
      <registryPath>instrument_host_type</registryPath>
    </field>
  </indexFields>
</product>
